file_name,emoji_left,emoji_mid,emoji_right,display_name,is_winner,category,8ball,judgement,rating,core words
n-no-right-or-maybe-yes.mp3,✅,🤯,❌,…Or Maybe…?,FALSE,8-BALL ANSWERS,M,,,
i-cant-tell-you.mp3,🎮,🎧,🎧,CAN'T TELL YOU,FALSE,8-BALL ANSWERS,M,,,
i-dont-know-what-to-tell-you.mp3,🧨,🧨,🏄,DON’T KNOW,FALSE,8-BALL ANSWERS,M,,,
i-dont-remember.mp3,😨,🛍,🤕,DON’T REMEMBER,FALSE,8-BALL ANSWERS,M,,,
hang-up-and-try-again.mp3,🏨,🏫,🎮,HANG UP,FALSE,8-BALL ANSWERS,M,,,
i-dont-know-knuckles.mp3,🤷🏾‍♀️,🤷🏻‍♂️,🤷‍♀️,I Don’t Know,FALSE,REACTiON,M,,G,"i, don’t, know, knuckles"
maybe.mp3,🤤,❗,❗,Maybe…,FALSE,8-BALL ANSWERS,M,,,
i-have-no-idea.mp3,🫠,🪷,🪷,NO IDEA,FALSE,MEMES + QUOTES,M,,,
nobody-knows.mp3,🍥,🧚‍♀️,🍥,Nobody Knows,FALSE,8-BALL ANSWERS,M,,,
try-again-later.mp3,🏁,🏁,🚧,TRY AGAIN LATER,FALSE,8-BALL ANSWERS,M,,,
yes-yes-yes-yes-no-no-no-no.mp3,💬,😈,💬,Yes…?,FALSE,8-BALL ANSWERS,M,,,
how-about-noooooo.mp3,🙅🏽,🙂‍↔️,⛔,How Bout No?,FALSE,REACTiON,N,,PG,"dr. evil, how, about, no, austin, powers"
i-dont-think-so.mp3,⚠️,🥹,⚠️,I Don't Think So,FALSE,8-BALL ANSWERS,N,,,
i-dont-think-soooooo.mp3,🥹,💀,🥹,Don't Think Sooooo,FALSE,REACTiON,N,,,
impossible-ffxiv.mp3,😎,🥞,🥞,IMPOSSIBLE!,FALSE,8-BALL ANSWERS,N,,,
nah-b.mp3,😅,😅,🤗,NAH B,FALSE,8-BALL ANSWERS,N,,,
no-no-no-girl-dont-even-think-about-it.mp3,😔,❤️‍🩹,😔,NO GIRL,FALSE,REACTiON,N,,,
nononono.mp3,🙂‍↔️,🚫,🚧,NO NO NO NO,FALSE,8-BALL ANSWERS,N,,G,
no0o0o0.mp3,🙅🏾‍♂️,🙅🏻‍♂️,🙅🏼‍♂️,No0o0o0,FALSE,REACTiON,N,,,
no0o0o0-why.mp3,🙅🏻‍♀️,🙅🏾‍♀️,🙅🏼‍♀️,No0o0o0…!,FALSE,REACTiON,N,,,
nope.mp3,🙅🏽‍♂️,🙅🏽‍♂️,🚫,nope,FALSE,8-BALL ANSWERS,N,,G,nope
no-bacon.mp3,🪼,😈,😈,NOT GONNA HAPPEN,FALSE,8-BALL ANSWERS,N,,,
turk-not-gonna-happen.mp3,😭,😭,🍒,NOT GONNA HAPPEN!,FALSE,8-BALL ANSWERS,N,,,
sorry-bro.mp3,🍒,🍒,😈,Sorry Bro…,FALSE,REACTiON,N,,,
my-minds-telling-me-no.mp3,😩,😩,😎,TELLING ME NO…,FALSE,8-BALL ANSWERS,N,,,
uhh-no.mp3,😒,🙅🏽,💥,"Uh, no.",FALSE,REACTiON,N,,PG,
what-impossible.mp3,😅,💎,😅,WHAT? Impossible,FALSE,8-BALL ANSWERS,N,,,
but-of-course.mp3,🫠,🤌🏻,💗,But Of Course!,FALSE,8-BALL ANSWERS,Y,,,
indeed.mp3,✅,ℹ️,🚀,Indeed!,FALSE,8-BALL ANSWERS,Y,,PG,indeed
yes-oh-my-gosh.mp3,🤭,💀,🤭,YES OH MY GOSH,FALSE,8-BALL ANSWERS,Y,,,
ohhhh-yeahhh.mp3,😏,🤙,😏,OHH YEAH!,FALSE,REACTiON,Y,,G,
yeah-remix.mp3,💯,😁,🏏,Y! Y! Y! Y! YEA!,FALSE,REACTiON,Y,,G,
yas-yas-queen.mp3,🪞,🪞,🩰,Yasss Queen!,FALSE,REACTiON,Y,,PG,
yeah-lil-jon.mp3,👏,💯,🚀,YEAAH!,FALSE,8-BALL ANSWERS,Y,,PG,
yeah-baby-austin-powers.mp3,🕺🏻,✌️,🇬🇧,"Yeah, Baby!",FALSE,REACTiON,Y,,PG,
yeah-usher.mp3,🕶️,🕺🏿,🪩,YEAH!!!,FALSE,SONGS + JiNGLES,Y,,G,
yeah-gucci-mane.mp3,👏,🎯,🚀,YEEAAA,FALSE,8-BALL ANSWERS,Y,,G,
yes-sir-sound-effect.mp3,🫡,🫡,🥸,Yes Sir,FALSE,REACTiON,Y,,,
yes-jojo.mp3,🍀,🍀,🍒,Yes Yes Yes Yes,FALSE,8-BALL ANSWERS,Y,,,
skibidi-dop-dop-yes-yes.mp3,🎱,😜,🍀,Yes Yes!,FALSE,8-BALL ANSWERS,Y,,,
yes-lara.mp3,📝,👏,📝,YES!,FALSE,8-BALL ANSWERS,Y,,G,
yes-bison.mp3,✌️,🍒,✌️,Yes! Yes!,FALSE,8-BALL ANSWERS,Y,,,
yes-destiny.mp3,📸,🪷,📸,YES!!,FALSE,8-BALL ANSWERS,Y,,,
yes-robo.mp3,✅,🟢,✍️,Yes.,FALSE,8-BALL ANSWERS,Y,,G,
x-files.mp3,🛸,👽,🛸, ̄\_(ツ)_/ ̄ ,FALSE,SONGS + JiNGLES,,,PG,
fact-or-fiction-1.mp3,🤔,🚩,🚨, It’s FALSE!,FALSE,REACTiON,,,,
awkward-crickets.mp3,🤐,🦗,🏏,::Crickets::,FALSE,SFX,,,G,"Silence, awkward, outside, Awkward Crickets"
uahhh-dunban.mp3,🪩,🪩,📜,::DIES::,FALSE,REACTiON,,,,
shock-surprise.mp3,❗,⚠️,❗,!!!!!!!!,FALSE,SFX,,,G,
howie-scream.mp3,😱,🗣,😱,!!!@@@!!!,FALSE,SFX,,,PG,"howie, scream, yell"
que.mp3,🤷🏻‍♀️,🤷🏽‍♂️,🤷🏼‍♀️,¿Que?,FALSE,REACTiON,,,G,
ok-but-why-tho.mp3,💋,💋,👺,…But Why Tho?,FALSE,REACTiON,,,,
spongebob-disgusting.mp3,🤮,🤢,💩,( – ⌓ – ),FALSE,SFX,,,G,
zelda-puzzle.mp3,🎴,🧝,🧩,( ͡° ͜ʖ ͡°),FALSE,SFX,,,G,
sonic-ring.mp3,💍,🦔,💍,❯❯❯❯❯❯,FALSE,SFX,,,G,
six-seven-6-7.mp3,6️⃣,🤷🏻‍♀️,7️⃣,6 7,FALSE,MEMES + QUOTES,,,,
a-few-moments-later.mp3,🎞️,🎞️,⏳,A Few Moments Later…,FALSE,MEMES + QUOTES,,,,
pikmin-fall.mp3,🫣,🫠,😭,AAAAAA!,FALSE,SFX,,,,
ahhh-dilemma.mp3,🫂,🤩,🧿,ahh!,FALSE,SFX,,,G,"Nelly, dilemma, kelly, ahh"
ahhhhhhhhh.mp3,🥵,😫,😩,AHHHHHHH!,FALSE,REACTiON,,,,
this-aint-bad-reyn.mp3,🍲,💬,🍲,AIN’T BAD!,FALSE,REACTiON,,,,
this-aint-good.mp3,🧾,🎓,🧾,AIN'T GOOD!,FALSE,REACTiON,,,,
i-aint-lettin-that-happen.mp3,💎,💣,💎,Ain't Lettin’ That Happen,FALSE,REACTiON,,,,
aint-nobody-got-time-for-that.mp3,🚫,🙅🏾‍♀️,🕥,Ain’t Nobody Got Time For That!,FALSE,MEMES + QUOTES,,,PG,"Black lady, news, interview, sweet brown, viral, news interview, fire, brown"
airhorn.mp3,🎉,🔥,📣,AiRHORN!,FALSE,SFX,,,G,"Airhorn, air, horn, reggaeton, dj, party horn, brr"
alert-meltdown.mp3,🚨,📢,⚠️,Alert! Meltdown!,FALSE,SFX,,,G,"Alert, melt down, emergency, nuclear"
all-i-do-is-win.mp3,🏆,🎯,🏅,All I Do Is Win,FALSE,SONGS + JiNGLES,,,PG,"Dj Khaled, all I do is win, t-pain, tpain"
i-am-all-over-that.mp3,🏁,🔫,🔫,ALL OVER THAT!,FALSE,REACTiON,,,,
all-the-single-ladies.mp3,👯🏽‍♀️,💃🏾,👯🏻‍♀️,All The Single Ladies,FALSE,SONGS + JiNGLES,,,PG,"Beyonce, single ladies, all the, ring on it"
and-his-name-is-bruh.mp3,🫡,😑,👌,And His Name Is…,FALSE,MEMES + QUOTES,,,PG,"John cena, bruh, announcer"
another-one-dj-khaled.mp3,1️⃣,➕,🔂,Another One,FALSE,MEMES + QUOTES,,,G,"Dj khaled, another 1"
applause-clap.mp3,🙌,👏,🙌,Applause!,FALSE,REACTiON,,,G,"applause, clapping, clap, studio audience, crowd"
are-you-sure-about-that-john-cena.mp3,😶‍🌫,🤔,🧱,Are You Sure About That?,FALSE,REACTiON,,,G,"Pop thru, u sure"
avadakedavra.mp3,💥,🪄,🧙‍♂️,Avada Kedavra!,FALSE,MEMES + QUOTES,,,PG,"Voldemort, avara cadavara"
aw-dangit.mp3,🥱,😖,😖,Aw Dangit,FALSE,MEMES + QUOTES,,,,
yoshi-awawawa.mp3,🦖,🐸,🦖,Awawa Wawawa!,FALSE,SFX,,,G,
awesome.mp3,🎰,👏,🦈,Awesome!,FALSE,REACTiON,,,,
oh-thats-awkward.mp3,💧,😬,🫣,Awkward,FALSE,REACTiON,,,PG,Oh That’s
awkward-pony.mp3,🤤,🎠,🤤,AWKWARD!,FALSE,REACTiON,,,G,"spongebob, bwoop, bwomp, sponge bob"
awww-audience-sitcom.mp3,🫶,🥹,💕,Awwwww,FALSE,REACTiON,,,G,"sitcom, romantic, cute, aww, audience, tv show"
wii-sports-bowling-awww.mp3,🛻,🪶,🪶,Awwwwww…..,FALSE,REACTiON,,,,
babushka.mp3,🪆,👵🏻,🧣,Babushka,FALSE,MEMES + QUOTES,,,G,"grandma, babushka, russian"
baby-shark.mp3,👶🏻,🦈,🐬,BABY SHARK!,FALSE,SONGS + JiNGLES,,,G,
bbq-chicken-alert.mp3,🔥,🍗,🚨,BBQ Chicken Alert!,FALSE,MEMES + QUOTES,,,G,"shaq, shaquille, o’neal, directions, barbecue"
benny-hill-theme.mp3,🇬🇧,🏃,📺,Benny Hill,FALSE,SONGS + JiNGLES,,,G,"running, theme song"
indian.mp3, 🪕,🇮🇳,👳🏾‍♂️,Beware The Boys!,FALSE,SONGS + JiNGLES,,,PG,"Indian, Song, beware, of, the, boys"
crowd-applause-cheer-audience-clap.mp3,👏,🙌,👏,BIG Applause!!!,FALSE,REACTiON,,,G,"adelle, big crowd, cheer, audience clap, clapping, applause"
bing-qi-ling-john-cena.mp3,🧢,🍦,😶‍🌫,Bing Qi Ling,FALSE,MEMES + QUOTES,,,PG,"john cena, ice cream, bingchiling, bing chi ling, bing chilling"
bingo.mp3,🎊,🎊,🐕,BINGO!,FALSE,SONGS + JiNGLES,,,,
bluey.mp3,💙,💙,🐕,BLUEY!,FALSE,SONGS + JiNGLES,,,,
bombastic-side-eye.mp3,🗿,🤨,💣,Bombastic Side Eye,FALSE,MEMES + QUOTES,,,PG,"criminal, offensive, side eye, sideeye, sideye, black lady"
boom-shaka-laka.mp3,🏀,🤾🏾‍♂️,💥,Boom Shaka Laka,FALSE,MEMES + QUOTES,,,G,"nba jam, announcer, boom shaka laka"
boom-vine.mp3,🧨,💥,💣,Boom!,FALSE,SFX,,,G,"vine, boom, explosion"
boom-roasted.mp3,💥,🍖,🏢,Boom! Roasted.,FALSE,MEMES + QUOTES,,,PG,"office, michael scott, boom, roasted"
boo-booing-crowd-jeer.mp3,😒,👻,👎,Boooo!!!,FALSE,REACTiON,,,G,"booing, boo!, audience, crowd, boos"
boyfriend.mp3,🌹,👩🏻‍❤️‍👨🏻,🤵‍♂️,Boyfriend!,FALSE,SONGS + JiNGLES,,,PG,"big time rush, boyfriend, btr, boy, friend"
breakfast.mp3,🍳,🍽️,🥞,Breakfast!,FALSE,MEMES + QUOTES,,,PG,"brekfest, online kid"
brother-eww.mp3,🤢,🤢,😩,Brother EWWW,FALSE,REACTiON,,,G,
bruh.mp3,🙄,🤦🏾‍♂️,🤦‍♀️,bruh.,FALSE,SFX,,,PG,"bruh, bru, meme"
inception-bwaaa-boom.mp3,🌀,🤯,🌀,BWAAAA!,FALSE,SFX,,,G,"Inception, bwaaa, big, boom"
come-on-man.mp3,🤦🏻‍♂️,😒,🤦🏾‍♂️,C’mon Man!,FALSE,REACTiON,,,PG,"come on, man, cmon"
come-on-man-biden.mp3,👨🏻‍🦳,✍️,👨🏼‍⚖️,C’mon Man!!,FALSE,REACTiON,,,G,
cmon-mane.mp3,😩,😩,🙊,C'Mon MANE!,FALSE,REACTiON,,,,
i-cant-believe-youve-done-this.mp3,🤯,🙉,❌,Can’t Believe,FALSE,MEMES + QUOTES,,,PG,"I, Can’t, Believe, You’ve, Done, This"
careless-whisper.mp3,🫠,🎷,💗,Careless Whisper,FALSE,SONGS + JiNGLES,,,PG,"george, michael, romantic, sax, saxophone, care less"
cat-call-whistle.mp3,🐺,😙,👷‍♂️,CatCall,FALSE,SFX,,,G,"Cat Call Whistle, cat, call, catcall"
charge.mp3,🎹,⚡,🔋,Charge!,FALSE,SFX,,,G,"charge, sports game, organ"
i-like-my-cheese-drippy-bruh.mp3,🪤,🧀,🪤,Cheese Drippy Bruh,FALSE,MEMES + QUOTES,,,PG,"I, Like, My, cheese, drippy, bruh"
chewbacca.mp3,🐻,🧔🏾‍♀️,👹,Chewbacca!,FALSE,SFX,,,G,"chewbacca, wookie, growl, chewy"
chicken-jockey.mp3,🐓,🐔,🏇,Chicken Jockey!,FALSE,MEMES + QUOTES,,,PG,"minecraft, movie, chicken, jockey, steve"
come-get-some.mp3,🏃🏽‍♀️,📥,🏃‍♀️,Come Get Some!,FALSE,MEMES + QUOTES,,,G,"patrick, come, get, some, spongebob"
so-i-am-confusion.mp3,🐢,👒,👒,CONFUSION,FALSE,MEMES + QUOTES,,,,
congratulations-youre-a-failure.mp3,🎉,😔,🔴,Congratulations,FALSE,MEMES + QUOTES,,,PG,"congratulations, youre, a, failure"
correct-answer-bell.mp3,👌,✅,👍,Correct!,FALSE,SFX,,,G,"correct answer, ding, right"
cringe.mp3,💢,😖,😈,Cringe,FALSE,MEMES + QUOTES,,,PG,cringe
shocked-crowd-gasp-audience.mp3,😧,😮,😱,Crowd Gasp!,FALSE,REACTiON,,,G,
doh.mp3,🤦,😳,🤦‍♀️,D’oh!,FALSE,MEMES + QUOTES,,,PG,"doh, simpsons, homer, d’oh"
daddy-chill.mp3,🥶,☃️,😫,Daddy Chill,FALSE,MEMES + QUOTES,,,PG,"daddy, chill, what"
dance-moves.mp3,🧸,😜,🧸,DANCE!,FALSE,SONGS + JiNGLES,,,,
danger-alert.mp3,⚠️,☠️,🚨,Danger! Danger!,FALSE,SFX,,,G,"danger alert, danger, social credit score,"
minecraft-oof-death.mp3,💀,☠️,😭,Death,FALSE,SFX,,,G,"minecraft, death, oof"
deja-vu.mp3,🤨,🔮,💫,Deja Vu!,FALSE,SONGS + JiNGLES,,,PG,"deja, vu"
denied.mp3,🚫,🙅🏻‍♂️,⛔,Denied,FALSE,REACTiON,,,G,"denied, deny"
boxing-ring-bell.mp3,🤼,🛎,🥊,Ding Ding Ding,FALSE,SFX,,,G,"wwe, boxing, fight, ding"
dinosaurs.mp3,🦖,🦕,🦖,DiNOSAURS!,FALSE,MEMES + QUOTES,,,,
disappointed.mp3,😔,🤦🏼,😒,Disappointed!,FALSE,REACTiON,,,PG,"hercules, disappointed"
disgusting-british-lady.mp3,🤢,🤮,🤢,DISGUSTING!,FALSE,MEMES + QUOTES,,,PG,
airhorn-reggaeton-mlg.mp3,🎉,😎,📣,DJ HORN!,FALSE,SFX,,,G,"Airhorn, air, horn, dj, reggaeton, party horn, brr, mlg"
dog-bark-fart.mp3,🐶,🐕,💨,Dog Bark Fart,FALSE,SFX,,,PG,"dog, bark, fart"
dominicano_papi.mp3,😩,🇩🇴,💥,Dominicano Papi,FALSE,MEMES + QUOTES,,,PG,"guapmotion, guap, motion, vini jr, dominican, new chin"
dont-do-it.mp3,❌,🙅🏾‍♀️,❗,Don’t Do It!,FALSE,MEMES + QUOTES,,,PG,"miss cleo, clep, dont do it, bad move"
dont-forget-me.mp3,🦄,🤦🏻,🤦🏻,Don't Forget Me!,FALSE,MEMES + QUOTES,,,,
no-i-dont-want-that.mp3,⛔,🙅🏼‍♂️,❌,Don’t Want That,FALSE,MEMES + QUOTES,,,PG,"No, I, dont, want, that"
donkey.mp3,🫏,🫏,💨,DONKEY!,FALSE,MEMES + QUOTES,,,,
dum-dum-duuuum.mp3,🐒,🐒,🥴,DumDumDUM!,FALSE,SFX,,,,
dun-dun-dunnnnn.mp3,😱,👀,😱,DunDunDUN!,FALSE,SFX,,,G,"suspense, dun, suspenseful"
home-improvement-eh.mp3,🏚️,😵‍💫,🏠,EH?!?!?!,FALSE,SFX,,,G,"Home, Improvement, Eh!?"
embarassing-drake.mp3,🤦🏻‍♀️,😳,🤦🏻‍♀️,Embarrassing!,FALSE,REACTiON,,,G,"drake, embarrassing, embarrass"
emergency-meeting.mp3,🚩,⚠️,🆘,Emergency Meeting!,FALSE,SFX,,,PG,"emergency, meeting, among us, among, us"
emotional-damage.mp3,🥹,❤️‍🩹,🤕,Emotional Damage!?,FALSE,MEMES + QUOTES,,,PG,"steven, he, emotional, damage, stephen"
enemy-spotted.mp3,👀,👀,💀,ENEMY SPOTTED!,FALSE,MEMES + QUOTES,,,PG,
epic-sax-guy.mp3,🎷,😎,🎷,Epic Sax,FALSE,SONGS + JiNGLES,,,G,"epic, sax, guy, saxophone"
eurah-saja-boys-kpop.mp3,🍿,❤️‍🔥,🍿,Eurah!,FALSE,SFX,,,G,"saja boys, saja, eurah, kpop, demon, hunters"
thriller-laugh.mp3,👹,😈,👹,Evil Thriller,FALSE,SFX,,,PG,
ewww-kids.mp3,🥴,🤢,😖,EWWWW!,FALSE,REACTiON,,,G,"kids, eww, disgust, gross"
ewww-shiek.mp3,😩,😩,🤢,Ewwwwww,FALSE,REACTiON,,,,
minecraft-challenge-completed.mp3,🏆,🎯,💪,EXP UP!,FALSE,SFX,,,G,"minecraft, level, up, exp up"
eyyyyyyy-sexy-lady.mp3,💅🏼,🪬,💅🏼,EYYYYYYY!,FALSE,SONGS + JiNGLES,,,,
fahhh-big-boom.mp3,💥,😩,🍟,FAHHH!,FALSE,REACTiON,,,PG,"fah, fahhh, fah 1"
fahhh-2.mp3,💔,😩,🥀,Fahhh….,FALSE,MEMES + QUOTES,,,PG,"fah, fahhh, fah 2"
fahhh.mp3,💢,👿,💢,Fahhhh!,FALSE,MEMES + QUOTES,,,PG,"fah, fahhh, fah 3"
spongebob-fail.mp3,😮‍💨,📉,🤦🏻‍♀️,Fail,FALSE,SFX,,,PG,
failure.mp3,⚠️,😞,❌️,Failure!,FALSE,MEMES + QUOTES,,,PG,"steven, stephen, he, fail, failure"
fart-2.mp3,💩,💨,💩,Fart!,FALSE,SFX,,,PG,"fart, farting"
fbi-open-up.mp3,🕵🏻,🚨,🚪,FBI Open Up!,FALSE,MEMES + QUOTES,,,PG,"FBI, open, up"
im-really-feeling-it.mp3,🫠,🤌🏻,💗,Feeling It,FALSE,MEMES + QUOTES,,,PG,"I’m, Really, feeling, it, shulk, xenoblade"
fish.mp3,🐟,🎣,🐠,fish.,FALSE,MEMES + QUOTES,,,G,fish
broforce-area-liberated.mp3,🦅,🎸,🇺🇸,FREEDOM!,FALSE,SONGS + JiNGLES,,,G,"bro force, area liberated, guitar, broforce"
gameboy.mp3,🎮,👬🏼,👦🏻,Game Boy,FALSE,SONGS + JiNGLES,,,,
gangnam-style.mp3,🕶️,🇰🇷,🕶️,Gangnam Style!,FALSE,SONGS + JiNGLES,,,,
get-that-garbage-outta-here.mp3,🗑️,🚯,🗑️,Garbage Outta Here!,FALSE,MEMES + QUOTES,,,PG,"Get ,That, garbage, out, of, here"
gegagedigedagedago-married-long-time-ago.mp3,☁️,🥔,👨🏻‍🌾,Gega gedi geda geda go,FALSE,SONGS + JiNGLES,,,G,"chicken, nugget, cotton, eyed, joe, married, long, time, ago"
get-away-from-me.mp3,🏃🏿‍♂️,😮‍💨,🏃🏿,Get Away!,FALSE,MEMES + QUOTES,,,PG,"get, away, from, me, zpenguin0,"
zelda-get-item.mp3,💎,🎁,📦,Get Item!,FALSE,SFX,,,G,
get-out-tuco.mp3,❗,😤,🏃🏽,GET OUT!,FALSE,MEMES + QUOTES,,,PG,"tuco, get, out"
get-your-mother.mp3,🤱🏻,👩🏻,🤱🏻,Get Your Mother!,FALSE,MEMES + QUOTES,,,,
get-a-hold-of-yourself.mp3,🗼,🤲,🗼,Getta Hold of YRSELF!,FALSE,MEMES + QUOTES,,,,
go-hoommee.mp3,🏡,🏠,🏚️,GO HOME!,FALSE,MEMES + QUOTES,,,,
chinese-gong.mp3,📀,⛩️,🟡,Gong!,FALSE,SFX,,,G,"gong, chinese"
green-bean-whatchu-mean.mp3,🫛,🫛,😑,Green Bean Whatchu Mean?,FALSE,MEMES + QUOTES,,,PG,
tidus-ha-ha-ha.mp3,🤣,😀,😂,Ha Ha Ha,FALSE,REACTiON,,,G,
ha-ha-ha-ha.mp3,😑,🌀,😑,HA HA HA HA,FALSE,REACTiON,,,G,
haha-whats-up.mp3,😁,😁,😎,HA HA! Whatsup?,FALSE,MEMES + QUOTES,,,,
ha-haa-autotune-haha.mp3,😅,😆,🎛,Ha HaAaAaAa,FALSE,MEMES + QUOTES,,,G,"auto, tune, laugh, ha, haha, future"
HAAAAAAH.mp3,😫,🏋️‍♂️,🏋️‍♂️,HAAAAAHH!,FALSE,MEMES + QUOTES,,,PG,
tidus-haha-ha-ha.mp3,😂,🫵,🤣,HaHa Ha HaHa,FALSE,REACTiON,,,G,
tidus-hahaha-ha-ha.mp3,🤣,🤪,😂,HaHaHa Ha HaHa,FALSE,REACTiON,,,G,
alleluya-hallelujah.mp3,🙌,⛪,🙏,Hallelujah!,FALSE,SFX,,,G,"Alleluia, church choir, hallelujah"
hamburger-cheeseburger-big-mac-whopper.mp3,🍔, 😋,🍔,"Hamburger, Cheeseburger!",FALSE,MEMES + QUOTES,,,G,"hamburger, cheeseburger, big mac, whopper"
hands-off-gabriella.mp3,🙅🏻‍♀️,🙌🏼,💀,Hands Off Gabriella!,FALSE,SONGS + JiNGLES,,,PG,
happy-birthday-8-bit.mp3,👸🏻,🎂,🥳,Happy Birthday!,FALSE,SONGS + JiNGLES,,,G,"happy, birthday"
hawk.mp3,🦅,🪶,🐦‍🔥,Hawk!,FALSE,SFX,,,G,"hawk, screech"
goofy-laugh.mp3,🤣,🤪,🐒,He he he he he he,FALSE,SFX,,,G,"goofy, laugh, hehehehehe, he, hehe"
hes-on-fire.mp3,🔥,⛹🏿,🏀,He’s On Fire!,FALSE,MEMES + QUOTES,,,G,"nba jam, hes, on, fire, announcer"
hee-hee-michael-jackson.mp3,👑, 🕺🏾,🎤,Hee Hee!,FALSE,MEMES + QUOTES,,,G,"michael, jackson, hee, he, he he"
hello-bozo.mp3,🤡,👳🏻‍♂️,🤡,Hello Bozo,FALSE,MEMES + QUOTES,,,,
hello-there.mp3,👋,🧔,👋,Hello There!,FALSE,MEMES + QUOTES,,,G,"girl, you, know, it’s, true, milli, vanilli"
help-me-leon.mp3,😮,😱,😮,"Help Me, Leon!",FALSE,MEMES + QUOTES,,,PG,
what-help-me.mp3,🍲,🧙🏽‍♂️,🧙🏽‍♂️,HELP! ME!,FALSE,MEMES + QUOTES,,,,
hey-stinky.mp3,🦨,🙊,🦨,Hey Stinky!,FALSE,MEMES + QUOTES,,,G,"mario, hey, stinky"
zelda-hey-listen-navi.mp3,🌀,🧚🏻,🔮,"Hey, Listen!",FALSE,SFX,,,G,
hey-pink-panthress.mp3,🙋🏼‍♀️,🙆🏽‍♀️,🙋🏻‍♀️,HEY…,FALSE,MEMES + QUOTES,,,G,
hold-up-wait-a-minute.mp3,✋,⏳,👀,"Hol’ up, waita minute!",FALSE,MEMES + QUOTES,,,PG,"hold up, hold, wait, a minute, something, aint, right"
hola-bebe.mp3,👋,😊,🙋🏻‍♀️,"Hola, bebe",FALSE,MEMES + QUOTES,,,PG,"hola, bebe, nicky, jam"
home-run.mp3,⚾,🏟,⚾,Home Run!,FALSE,MEMES + QUOTES,,,,
horse-neigh.mp3,🎠,🐴,🐎,Horse!,FALSE,SFX,,,G,"horse, neigh, horsey"
hot-diggity-dog.mp3,🌭,😋,🌭,Hot Dog,FALSE,SONGS + JiNGLES,,,G,"Diggity, hot, dog, mickey mouse, clubhouse"
hi-how-are-ya.mp3,😵‍💫,🌞,👀,How are Ya,FALSE,MEMES + QUOTES,,,,
how-dare-you.mp3,😳,😠,😳,How Dare You?,FALSE,MEMES + QUOTES,,,G,"how, dare, you"
how-could-you-do-this-to-me.mp3,😩,⁉️,😩,How?!?,FALSE,MEMES + QUOTES,,,PG,"the room, johnny, room"
what-how-is-this-possible.mp3,😱,😱,🧔🏽,HOW?!?!,FALSE,REACTiON,,,,
huh-cat-meme.mp3,😲,🐱,🤷🏼‍♀️,Huh?,FALSE,REACTiON,,,G,"huh, meme, cat"
supa-hot-fire-hype.mp3,👬🏾,🔥,👬🏾,HYPE!,FALSE,REACTiON,,,PG,
i-aint-reading-all-that.mp3,📚,🙅🏽‍♂️,📖,I Ain’t Readin’,FALSE,MEMES + QUOTES,,,PG,"i, aint, reading, all, that , will, smith, All That"
i-assure-you-no-one-cares.mp3,🫶🏻,🥹,❤️‍🩹,I Assure You…,FALSE,REACTiON,,,,
i-beg-your-pardon.mp3,😷,😷,👩🏼‍💻,I BEG YOUR PARDON,FALSE,REACTiON,,,,
i-believe-i-can-oof.mp3,💫,😮‍💨,🥹,I Believe I Can…,FALSE,SONGS + JiNGLES,,,G,"oof, I Believe, believe, i, can, r kelly"
i-broke-up-with-my-ex-girl.mp3,❌,💔,❌,I Broke Up,FALSE,MEMES + QUOTES,,,PG,"With, My, Ex-Girl, ex, girl, supa, hot, fire"
i-believe-i-can-fly.mp3,💫,🪽,✈️,I Can Fly,FALSE,SONGS + JiNGLES,,,G,"I Believe, believe, i, can, fly, r kelly"
no-way-i-cant-believe-this.mp3,😲,🚧,🙅🏻,I Can’t Believe This!,FALSE,REACTiON,,,G,"no, way, i, cant, believe, this, eggman"
i-got-this-fahhh.mp3,💪,😏,💥,I Got This…!,FALSE,MEMES + QUOTES,,,PG,"i, got, this, fahh, fah, fahhh"
yeah-i-like-it.mp3,🆗,🌊,🆗,I LIKE IT!,FALSE,REACTiON,,,,
i-love-it.mp3,🤾🏿,🧑🏼‍❤️‍💋‍🧑🏿,👨‍✈️,I LOVE IT!,FALSE,REACTiON,,,,
i-really-dont-care.mp3,🤷🏻‍♀️,💅🏼,🤷🏻‍♀️,I REALLY DON’T CARE,FALSE,SONGS + JiNGLES,,,G,
im-a-survivor-reba.mp3,🏝️,💪,🏆,I’m A Survivor,FALSE,SONGS + JiNGLES,,,PG,"im, a, survivor, reba"
jet-set-radio-7.mp3,✈️,7️⃣,📻,I'm GOOD,FALSE,SFX,,,G,"jet, set, radio, spray, effect, 7"
jet-set-radio-8.mp3,📻,8️⃣,✈️,I'm HOT!,FALSE,SFX,,,G,"jet, set, radio, spray, effect, 8"
ive-fallen-and-i-cant-get-up.mp3,⤵️,👵🏼,⤵️,I’ve FALLEN!,FALSE,MEMES + QUOTES,,,G,"kanye, dark fantasy"
impossible.mp3,😈,🔱,😈,IM…..POSSIBLE!,FALSE,REACTiON,,,,
impressive.mp3,📖,📖,😈,Impressive!,FALSE,REACTiON,,,,
im-interested-in-this.mp3,📝,🧐,🎯,Interested,FALSE,MEMES + QUOTES,,,PG,"alucard, interested, in, this, im"
interested-fart.mp3,🦫,💨,💨,Interested Fart!,FALSE,MEMES + QUOTES,,,PG,"alucard, interested, in, this, im, fart"
this-isnt-good.mp3,📋,📟,📟,ISN’T GOOD,FALSE,REACTiON,,,,
no-it-cannot-be.mp3,💀,🥀,😔,IT CANNOT BE!,FALSE,REACTiON,,,,"ffvii, game, over, final, fantasy, vii"
yeah-its-alright-i-suppose.mp3,🤕,👨🏻‍🍳,⛈️,It's Alright…,FALSE,REACTiON,,,,
its-ya-boi.mp3,🔥,🫳,🔥,It’s Ya Boi!,FALSE,MEMES + QUOTES,,,PG,
iyaaaaa.mp3,🍞,🍞,❤️‍🔥,Iyaaaaa!,FALSE,MEMES + QUOTES,,,,
jackpot-winner-grandprize.mp3,🎰,🎰,🎰,JACKPOT WiNNER!,TRUE,SFX,,,G,"jackpot, winner, win, slot machine, casino, prize, money, cashout, ding, jackpotwinner"
nothing-beats-a-jet-2-holiday.mp3,✈️,✈️,🛩️,Jet 2 Holiday!,FALSE,MEMES + QUOTES,,,,
jigglypuff.mp3,🎤,🍮,😤,Jigglypuff,FALSE,SONGS + JiNGLES,,,G,"jigglypuff, song, sing"
jigsaw-laugh.mp3,😆,🧩,🧩,Jigsaw,FALSE,SFX,,,PG,"jigsaw, laugh, play a game"
joe-mama-well-played.mp3,😏,🤱🏻,🧺,Joe Mama,FALSE,MEMES + QUOTES,,,PG,"joe, mama, well, played, american, dad"
and-his-name-is-john-cena.mp3,🫡,🧢,👌,John Cena!,FALSE,MEMES + QUOTES,,,PG,"John, cena, announcer"
seinfeld-laugh-sitcom-crowd-laughing.mp3,😂,🤣,😅,LAUGHTER,FALSE,REACTiON,,,G,
let-him-cook.mp3,🍳,👨🏻‍🍳,🥘,Let Him Cook,FALSE,MEMES + QUOTES,,,PG,"Let, him, cook, now"
lets-go-gambling.mp3,🎴,🎲,🃏,Let’s Go Gambling!,FALSE,MEMES + QUOTES,,,,
level-up.mp3,⭐,🆙,⬆️,Level Up!,FALSE,SFX,,,G,"pokemon, level, up"
leviosa-sa.mp3,✨,🧙🏻‍♀️,✨,LevioSA,FALSE,MEMES + QUOTES,,,PG,"leviosa, Hermione"
liar.mp3,🎭,🤥,🎭,Liar!,FALSE,MEMES + QUOTES,,,PG,"liar, luke, skywalker"
lie-to-me.mp3,👻,🎨,👻,LIE TO ME,FALSE,MEMES + QUOTES,,,,
lonely.mp3,🥀,😔,❤️‍🩹,Lonely!,FALSE,SONGS + JiNGLES,,,PG,"lonely, akon, song"
its-been-a-long-time.mp3,🦇,🦇,💥 ,LONG TIME!,FALSE,MEMES + QUOTES,,,,
look-at-this-dude.mp3,🦸🏼‍♂️,🦸🏼‍♂️,😎,Look At This DUDE!,FALSE,MEMES + QUOTES,,,PG,"Italian Brainrot, patta ping, tralalero, tung"
man-what-a-bunch-of-jokers.mp3,🤡,🃏,🤡,"Man, What A Bunch Of Jokers",FALSE,MEMES + QUOTES,,,PG,"Man, What, A, Bunch, Of, Jokers, ryne"
meow-meow-meow-meow.mp3,😿,🐈,🐱,Meow Meow Meow Meow,FALSE,SONGS + JiNGLES,,,PG,"meow, meme, song, cat"
mexico.mp3,🪇,🇲🇽,🎺,Mexico!,FALSE,SONGS + JiNGLES,,,G,"mexican, hat, song, mexico"
mine.mp3,🕊️,🕊️,🦤,MINE!,FALSE,MEMES + QUOTES,,,G,"galaxy, brain, used, to, know, gotye"
mission-failed.mp3,🫡,‼️,🫡,Mission Failed!,FALSE,MEMES + QUOTES,,,PG,
mmmhmmm.mp3,✨,💁🏽‍♀️,🧑🏾,MmmHmmm,FALSE,REACTiON,,,G,"mmhmmm, family, guy, black"
money-money-money-moneyprize.mp3,💵,💵,💵,"Money, Money, Money",TRUE,SONGS + JiNGLES,,,G,"money, song"
money-money-moneyprize.mp3,💰,💰,💰,"Money, Money, Money, Money",TRUE,SONGS + JiNGLES,,,PG,"here, comes, the, money"
my-wife.mp3,👰🏻‍♀️,👰🏻‍♀️,💒,My Wife!,FALSE,MEMES + QUOTES,,,,
metal-gear-nani.mp3,⁉️,😲,😱,Nani!,FALSE,MEMES + QUOTES,,,PG,"metal gear solid, nani, metal, gear, solid"
take-your-nap-later-old-man.mp3,👺,👨🏻‍⚖️,👨🏻‍⚖️,NAP LATER,FALSE,MEMES + QUOTES,,,,
nerd-emoji.mp3,🤡,🤓,🤓,Nerdy Emoji,FALSE,SONGS + JiNGLES,,,G,"Nerd, nerdy, emoji"
im-gonna-have-to-say-next.mp3,⏩,👉,⏩,Next!,FALSE,MEMES + QUOTES,,,PG,"mtv, next, have, to, say"
niiice.mp3,🎳,🦬,🎳,Niiice,FALSE,REACTiON,,,,
no-good.mp3,🦖,💀,😭,NO GOOD!,FALSE,REACTiON,,,G,
nooooo-darth-vader.mp3,🚫,🦹🏿‍♂️,🚫,Noooo!,FALSE,REACTiON,,,PG,"darth, vader, no, star, wars"
not-bad-at-all.mp3,😎,👌,🔥,Not Bad At All,FALSE,REACTiON,,,G,"dunban, not bad, not, bad, at, all"
not-bad-but-not-good-jisoo.mp3,🫤,🤏,😐,Not Bad But Not Good,FALSE,REACTiON,,,G,"not, bad, but, not, good, jisoo"
not-gonna-make-it.mp3,🎄,🎄,👿,Not Gonna Make It!,FALSE,MEMES + QUOTES,,,,
not-likely.mp3,👨🏻‍🎨,🛞,👨🏻‍🎨,Not Likely!,FALSE,REACTiON,,,,
fact-or-fiction-2.mp3,🚨,💢,💢,Not This Time!,FALSE,REACTiON,,,,
oh-reallllyyy.mp3,🙄,🙃,🎖️,O Rearry?,FALSE,REACTiON,,,,
oh-yeah-baby.mp3,🧇,🧇,🤑,O YEA BABY!,FALSE,REACTiON,,,,
oh-man-not-again.mp3,🤦🏾‍♂️,😩,🤦🏽‍♂️,"Oh Man, Not Again",FALSE,MEMES + QUOTES,,,PG,
oh-my-gah-anime.mp3,😱,👧🏻,😅,Oh My Gah! ,FALSE,REACTiON,,,PG,
oh-my-god.mp3,😮,😱,🌞,Oh My God!,FALSE,REACTiON,,,PG,
oh-my-goodness.mp3,🐶,⭐,🐶,Oh My Goodness!,FALSE,REACTiON,,,G,
oh-my-good-lord-tipsy.mp3,😯,🤴🏾,⚜️,"Oh My, Good Lord",FALSE,SONGS + JiNGLES,,,PG,
oh-my.mp3,🙀,🕶,🙀,Oh My!,FALSE,REACTiON,,,,
oh-no.mp3,😩,🙃,😩,Oh No,FALSE,REACTiON,,,PG,
oh-no-jojo.mp3,⭐,😩,⭐,Oh NOOO!,FALSE,REACTiON,,,PG,
oh-really-hahaha.mp3,😲,🤨,👹,oH ReALLy?,FALSE,MEMES + QUOTES,,,G,
oh-brother-this-guy-stinks.mp3,🦨,🥱,😫,"Oh, Brother…",FALSE,REACTiON,,,PG,"oh, brother, this, guy, stinks, spongebob"
oh-come-on.mp3,💥,😤,😤,"Oh, Come On!",FALSE,REACTiON,,,PG,"oh, come, on"
oh-new-jersey.mp3,😭,🫢,🎽,Oh!,FALSE,REACTiON,,,PG,
oh-my-god-becky.mp3,⛈️,⛈️,🤹🏽‍♂️,Oh. My. God.,FALSE,REACTiON,,,,
oh-no-cyberpunk.mp3,🙈,🫣,🙈,OHHH NO000!,FALSE,REACTiON,,,G,
oh-sopranos.mp3,😮,🍝,😮,Ohhh!,FALSE,REACTiON,,,PG,
oh-mafioso.mp3,🎩,😮,🕵,OHHHH!,FALSE,REACTiON,,,PG,
ohhhuuh.mp3,🎟️,🌁,🌁,Ohhuuh!,FALSE,SFX,,,,
oiia-cat.mp3,🌀,🐈,🌀,OIIA,FALSE,SONGS + JiNGLES,,,PG,CAT
dont-get-too-crazy-old-geezer.mp3,👨‍🦳,👨‍🦳,🗯️,OLD GEEZER,FALSE,MEMES + QUOTES,,,,
old-man.mp3,📜,👨🏼‍🦳,🧐,Old Man!,FALSE,MEMES + QUOTES,,,PG,
one-two-buckle-my-shoe.mp3,👞,👟,🩴,One Two Buckle My Shoe,FALSE,MEMES + QUOTES,,,PG,
oof-roblox-death.mp3,😮‍💨,😵,💢,Oof!,FALSE,SFX,,,G,
oooohhhh-crowd-appalled.mp3,🚨,👺,😧,ooohhh!,FALSE,REACTiON,,,PG,"crowd, appalled"
oooooh-crowd-audience.mp3,✨,🤩,✨,Ooooooh!,FALSE,REACTiON,,,G,"crowd, romantic, ooooh, audience"
its-over-9000.mp3,🔥,9️⃣,🐉,Over 9000!,FALSE,MEMES + QUOTES,,,PG,"It’s, over, 9000, dragonball, gohan"
time-for-pain.mp3,🏫,🏫,👨🏻‍💻,PAIN!,FALSE,MEMES + QUOTES,,,,
airhorn-reggaeton-classic.mp3,🎉,🥳,📣,PARTY HORN!,FALSE,SFX,,,G,"Airhorn, air, horn, reggaeton, party horn, brr, dj, Airhorn! PARTY!"
ill-pass.mp3,🛺,🧇,🛺,PASS!,FALSE,REACTiON,,,,
perfect-street-fighter.mp3,👌,💯,✅,Perfect!,FALSE,MEMES + QUOTES,,,G,
fart.mp3,💨,💩,💨,Phart!,FALSE,SFX,,,PG,"fart, farting"
pika-pikaaaaaa.mp3,🟡,☹️,🔴,Pika Piiii kkaaa!,FALSE,MEMES + QUOTES,,,G,
pizza-roblox.mp3,🍴,🍕,😋,Pizza!,FALSE,MEMES + QUOTES,,,G,
congratulations-you-played-yourself.mp3,🎉,🤡,⛔,Played YRSLF,FALSE,MEMES + QUOTES,,,PG,"you played yourself, congratulations"
hey-thats-pretty-good.mp3,👌,👌,✅,PRETTY GOOD!,FALSE,REACTiON,,,G,
put-that-cookie-down.mp3,🍪,⬇️,🍪,Put That Cookie Down!,FALSE,MEMES + QUOTES,,,G,
quack-duck.mp3,🎤,🦆,🪿,Quack!,FALSE,SFX,,,G,
r-u-srs-rt-now-bro.mp3,🧐,😐,🤨,R U SRS RIGHT NOW BRO?,FALSE,REACTiON,,,PG,
rat-dance.mp3,🐀,🐭,🕺,Rat Dance,FALSE,SONGS + JiNGLES,,,G,
this-is-bad-real-bad.mp3,🏭,📱,🛻,REAL BAD!,FALSE,REACTiON,,,,
ugh-this-really-aint-good.mp3,🪦,🧔🏽,🪦,REALLY Ain’t Good!,FALSE,REACTiON,,,,
really-peppa-pig.mp3,🌷,🐷,🌈,Really?!,FALSE,REACTiON,,,G,
rejected.mp3,🫂,😵‍💫,🤫,REJECTED!,FALSE,REACTiON,,,PG,"drake, combination"
release-the-baby.mp3,📢,👶🏻,📢,Release The Baby,FALSE,MEMES + QUOTES,,,PG,
rick-rolld.mp3,🎤,🕺,🎤,RICK ROLL’D,FALSE,SONGS + JiNGLES,,,G,
ridiculous.mp3,😏,😏,🦊,Ridiculous!,FALSE,REACTiON,,,,
ridiculous-cyrus.mp3,🦊,🦊,😏,Ridiculous…,FALSE,REACTiON,,,,
rimshot-jokes.mp3,😜,🥁,🤡,Rim Shot!,FALSE,SFX,,,G,
ring-doorbell.mp3,🚪,🔔,🛎,Ring Ring!,FALSE,SFX,,,G,
rizz-rizzler.mp3,🤫,🧏,🤫,Rizz,FALSE,SFX,,,G,
cartoon-feet-running.mp3,👣,🏃🏻‍♂️‍➡️,🐾,Runaway!,FALSE,SFX,,,G,"Cartoon, Runaway, feet, running"
sad-violin-piano.mp3,😔,🎻,😔,Sad Sad Sad,FALSE,SONGS + JiNGLES,,,G,
i-have-several-questions.mp3,😫,☎️,😫,SEVERAL QUESTIONS…,FALSE,MEMES + QUOTES,,,,
feeling-of-shame.mp3,🤡,🫠,😭,Shame!,FALSE,MEMES + QUOTES,,,PG,"joe, rogan, the, feeling, of, shame"
shes-an-immigrant.mp3,👩🏾‍🦰,🛂,🐪,She’s An Immigrant,FALSE,MEMES + QUOTES,,,PG,
sigma-boi.mp3,🤫,🗿,🤫,Sigma Boi,FALSE,SONGS + JiNGLES,,,PG,
silence.mp3,😶,🤐,🙊,Silence!,FALSE,MEMES + QUOTES,,,,
silencio-old-man.mp3,🔕,😶,🤐,Silencio!,FALSE,MEMES + QUOTES,,,,
siu.mp3,🐑,⚽,🐑,SIU!,FALSE,MEMES + QUOTES,,,PG,
skill-issue-biden.mp3,🎯,🙄,🙄,Skill Issue,FALSE,MEMES + QUOTES,,,PG,
slap-ohh.mp3,💥,👋,🤕,Slap!,FALSE,SFX,,,PG,
i-am-so-confused.mp3,😵‍💫,😵‍💫,🏨,SO CONFUSED,FALSE,REACTiON,,,,
social-credit-boom.mp3,💳,💥,💳,SOCIAL CREDIT BOOM!,FALSE,SFX,,,G,
soda-pop-saja.mp3,🥟,🥤,🩷,Soda Pop,FALSE,MEMES + QUOTES,,,PG,
sophie.mp3,👩🏻‍🦰,👩🏻‍💼,💋,Sophie,FALSE,MEMES + QUOTES,,,PG,
yeah-that-all-sorted-nicely.mp3,🎓,👑,👑,SORTED NICELY,FALSE,MEMES + QUOTES,,,,
rubber-duck.mp3,🧽,🐥,🧽,SQUEAK,FALSE,SFX,,,,
get-out-of-here-stalker.mp3,😐,☢️,🚪,Stalker!,FALSE,MEMES + QUOTES,,,PG,"Get, Out, Of, Here, stalk"
still-a-piece-of-garbage.mp3,🗑️,🚛,🚛,Still A Piece Of Garbage,FALSE,MEMES + QUOTES,,,PG,
stop-it-get-some-help.mp3,🛟,🆘,⚠️,"Stop It, Get Some Help",FALSE,MEMES + QUOTES,,,PG,
stop-scrolling.mp3,📱,🛑,⛔️,Stop Scrolling!,FALSE,MEMES + QUOTES,,,PG,
stop-the-cap.mp3,🛑,🧢,⛔️,Stop The Cap,FALSE,MEMES + QUOTES,,,PG,
among-us-round-start-sus.mp3,🤨,🗿,📸,SUS Among US,FALSE,SFX,,,PG,"Sus, among us, round, start, Among Us Round Start "
taco-bell.mp3,🌮,🔔,🪦,Taco Bell,FALSE,SFX,,,G,
its-raining-tacos.mp3,🌧️,🌮,🌧️,Tacos!,FALSE,SFX,,,G,"It’s, Raining, tacos"
you-are-tearing-me-apart-lisa.mp3,🐣,😖,💔,Tearing Me Apart Lisa!,FALSE,MEMES + QUOTES,,,PG,You Are 
tell-me-why.mp3,👉,😩,👈,Tell Me Why!,FALSE,MEMES + QUOTES,,,PG,
thats-crazy-amy.mp3,😵‍💫,👧,😲,That’s Crazy!,FALSE,REACTiON,,,G,
hey-that-s-a-pretty-good.mp3,👨🏻‍🍼,👨🏻‍🍼,💐,That’sa Pretty Good!,FALSE,REACTiON,,,,
yep-thats-the-daddy.mp3,🧔🏾‍♂️,👨🏻‍🍼,👔,The Daddy,FALSE,MEMES + QUOTES,,,PG,"Yep, That’s "
money-bts-moneyprize.mp3,💸,💸,💸,The Moneys!,TRUE,SONGS + JiNGLES,,,PG,"bts, money, moneys, blood, sweat, tears"
the-police-they-are-after-me.mp3,👮🏻‍♂️,🧙‍♂️,👮🏻‍♂️,THE POLICE!,FALSE,MEMES + QUOTES,,,,
price-is-right-fail.mp3,👹,😑,🤷🏼‍♂️,The Price Is WRONG,FALSE,SONGS + JiNGLES,,,G,
they-ask-you.mp3,😭,💔,😔,They Ask You…,FALSE,MEMES + QUOTES,,,PG,
what-is-this-for-real.mp3,👑,🏫,🎟️,THIS FOR REAL?!,FALSE,REACTiON,,,,
im-the-trashman.mp3,🚛,🚮,🚛,Trashman!,FALSE,MEMES + QUOTES,,,PG,"I’m, The, trash, man"
turbo-time.mp3,🏭,🪪,🐢,TURBO TIME!,FALSE,MEMES + QUOTES,,,,
are-you-crazy-out-of-mind.mp3,🤪,😵‍💫,👹,U Crazy?,FALSE,MEMES + QUOTES,,,PG,"Are you out of your mind, crazy, are you crazy"
and-you-expect-me-to-believe-you.mp3,🤞,🤞,🪬,U EXPECT ME…?,FALSE,MEMES + QUOTES,,,,
so-you-get-nothing.mp3,🫠,🫴,😑,U GET NOTHING!,FALSE,MEMES + QUOTES,,,PG,
u-see-that-ay.mp3,📱,🤠,🪪,U SEE THAT,FALSE,MEMES + QUOTES,,,,
are-you-serious-right-now-bro.mp3,🤦🏻‍♂️,🙄,❓,U SRS BRO?,FALSE,REACTiON,,,PG,"U serious, streamer, are you serious right now bro,"
undertaker-bell.mp3,🔔,🪦,🔔,Undertaker!,FALSE,SFX,,,PG,
youre-joking-barbie.mp3,🥸,🎈,🥸,UR JOKING,FALSE,REACTiON,,,G,
useless.mp3,🧔🏻,📜,📜,USELESS!,FALSE,REACTiON,,,,
uy.mp3,🎎,👲🏻,⛩️,UY!,FALSE,MEMES + QUOTES,,,PG,
its-a-very-nice.mp3,🎀,🎀,💭,Very Nice!,FALSE,REACTiON,,,,
ffvii-victory.mp3,🎉,✌️,🎉,Victory!,FALSE,SONGS + JiNGLES,,,G,"victory, fanfare, song, win, music, trophy, final fantasy"
wah-waluigi.mp3,💭,😩,🤌,Wahhhh,FALSE,MEMES + QUOTES,,,PG,
wait-what.mp3,🙇,✋,🙇,"Wait, what!",FALSE,MEMES + QUOTES,,,PG,
wakey-wakey-felix.mp3,🌄,😴,🐓,"Wakey, Wakey",FALSE,MEMES + QUOTES,,,PG,
what-reyn.mp3,👨🏻‍💻,⚔️,🚽,WAT!?,FALSE,REACTiON,,,,
we-can-talk-about-money.mp3,💶,🤑,💳,We Can Talk About Money,FALSE,MEMES + QUOTES,,,PG,
we-do-not-care.mp3,😶‍🌫,👺,😶‍🌫,We Do Not Care,FALSE,REACTiON,,,PG,
curb-your-enthusiasm.mp3,🚏,😅,🚗,Well…,FALSE,SONGS + JiNGLES,,,PG,"curb, your, enthusiasm, frolic, theme, larry david"
what-are-you-doing-bro.mp3,🤜,🫂,🤛,What Are You Doing Bro!?,FALSE,REACTiON,,,PG,
what-did-he-say.mp3,🤔,🤷🏿‍♂️,🤔,What Did He Say???,FALSE,MEMES + QUOTES,,,PG,
oh-yeah-thats-what-im-talking-about.mp3,📋,😶‍🌫️,😶‍🌫️,WHAT I’M TALKING ABOUT,FALSE,MEMES + QUOTES,,,,
what-the-dog-doin.mp3,⚔️,📢,💬,WHAT THE DOG DOIN?,FALSE,MEMES + QUOTES,,,,
erm-what-the-sigma-bro.mp3,✋,🗿,🤚,What The Sigma?,FALSE,REACTiON,,,,
what-was-that.mp3,⚙️,🎲,✈️,WHAT WAS THAT?,FALSE,MEMES + QUOTES,,,G,
what-you-say-jason-derulo.mp3,🔖,👨🏿‍🎤,🤸🏿‍♀️,What You Say?,FALSE,MEMES + QUOTES,,,PG,
what-lil-jon.mp3,⁉️,🤷🏾‍♂️,😱,WHAT!,FALSE,REACTiON,,,PG,
what-oh-no.mp3,🤷🏻,😱,🤷🏻,"What! Oh, No!",FALSE,REACTiON,,,PG,
what-guap-motion.mp3,🎭,🙉,🎭,WHAT?!,FALSE,REACTiON,,,PG,
bro-what-are-you-talkin-about-man.mp3,🧐,🤷🏾‍♂️,❓,What’re You Talking’ Bout Man?,FALSE,MEMES + QUOTES,,,PG,"russell, westbrook, interview, nba, bro, Bro, What’re You Talking’ Bout Man?"
whats-dat-brotha.mp3,🕋,🕋,🧕🏼,WHAT’S THAT BROTHA?,FALSE,REACTiON,,,,
what-lil-jon-2.mp3,😱,🤷🏾,⁉️,WHATT!,FALSE,REACTiON,,,PG,
ya-daddy.mp3,🙂‍↔️,🥸,🕵🏻,Who Is Ya Daddy?,FALSE,MEMES + QUOTES,,,G,
i-dont-know-who-this-man-is.mp3,💀,💀,🧔,WHO THIS MAN?,FALSE,REACTiON,,,,
why-are-you-running.mp3,🏃🏻‍♀️‍➡️,👟,🏃🏾‍♂️,Why Are You Running?,FALSE,MEMES + QUOTES,,,PG,
why-does-this-keep-happening-to-me.mp3,🤹🏽‍♂️,🥸,🤹🏽‍♂️,WHY!?,FALSE,MEMES + QUOTES,,,,
wilhem-scream.mp3,😱,🗣️,😱,Wilhelm Scream,FALSE,SFX,,,PG,
price-is-right-winner.mp3,💎,💎,💎,WINNER!,TRUE,REACTiON,,,,
wobbly-wiggly.mp3,🥴,👨🏿‍🦱,🥴,Wobbly Wiggly!,FALSE,SONGS + JiNGLES,,,PG,
womp-womp-trombone.mp3,☹️,📯,☹️,Womp Womp Womp,FALSE,SFX,,,G,
wooooo-moist-critical.mp3,💫,😮,💫,WOOOOO!!!,FALSE,REACTiON,,,G,
wow-thats-crazy-bro.mp3,😲,🧔🏾‍♂️,😵‍💫,"Wow, That’s Crazy Bro",FALSE,REACTiON,,,PG,
anime-wow-kawaii.mp3,🌈,🤩,🥰,Wow!,FALSE,REACTiON,,,G,"wowwww, anime, girl, Japanese, anime wow"
wow-man.mp3,✨,😉,✨,WoW!,FALSE,REACTiON,,,G,
wow-incredible.mp3,🔥,👺,🔥,WOW! Incredible!,FALSE,REACTiON,,,,
wow-this-is-amazing.mp3,🌈,🌟,🌈,Wow..!,FALSE,REACTiON,,,G,
wow-this-is-garbage.mp3,🌈,🚯,⛔,Wow…,FALSE,REACTiON,,,PG, This Is Garbage
wow-roblox.mp3,✨,👦,✨,Woww,FALSE,REACTiON,,,G,
wrong-answer-buzzer-incorrect.mp3,🚫,❌,🚫,Wrong!,FALSE,SFX,,,PG,
fail-wrong.mp3,❌,🙅🏻‍♀️,❌,Wrongo!,FALSE,SFX,,,G,"buzzer, wrong, incorrect, bzzz"
excuse-me-um-no.mp3,😭,🤷🏻‍♀️,😵,XCUZZMEE,FALSE,REACTiON,,,G,
ya-done.mp3,🚀,📢,📢,YA DONE!,FALSE,MEMES + QUOTES,,,,
ya-mama.mp3,👩🏾,💇🏻‍♀️,👩🏻‍🦳,Ya Mama,FALSE,MEMES + QUOTES,,,PG,
yay-cheering-kids.mp3,👧🏻,🥳,👦🏻,Yay Kids!,FALSE,REACTiON,,,G,
yeah-boy-chef.mp3,🔥,👨🏾‍🍳,😎,"Yeah, Boy",FALSE,MEMES + QUOTES,,,PG,
yeah-boiiiiiiiiii.mp3,😎,🫧,👦🏽,Yeah! Boiii…,FALSE,MEMES + QUOTES,,,PG,
yeah-boiiiiiiiiii-dance.mp3,😎,🪩,👦🏽,Yeah! Boiiii!,FALSE,SONGS + JiNGLES,,,PG,
yeet.mp3,🏀,🏌🏾,💥,YEET!,FALSE,MEMES + QUOTES,,,G,
you-cant-do-this-to-me.mp3,😵,😤,😵,You Can’t Do This To Me,FALSE,MEMES + QUOTES,,,PG,
you-deserve-better.mp3,✨,📈,🚀,You Deserve Better,FALSE,MEMES + QUOTES,,,PG,
you-died-bloodborne.mp3,💀,⚰️,💀,You Died,FALSE,SFX,,,PG,
you-lie.mp3,⛈️, 🏄🏽‍♂️,👨🏻‍🍳,You Lie!,FALSE,REACTiON,,,,
you-lose-good-day-sir.mp3,🎲,👎,😩,You Lose!,FALSE,MEMES + QUOTES,,,PG,
you-need-to-leave.mp3,👋,🏃🏽‍♂️,🚪,You Need To Leave!,FALSE,MEMES + QUOTES,,,PG,
youre-insecure.mp3,😬,🪞,🤷🏻‍♀️,You’re Insecure,FALSE,SONGS + JiNGLES,,,PG,
youre-joking-barbie-joe-king.mp3,🥸,🤡,🥸,YOU'RE JOE KING,FALSE,REACTiON,,,G,
youre-joking.mp3,🙃,🧭,🙃,YOU'RE JOKING!,FALSE,REACTiON,,,G,
youre-not-my-dad.mp3,🚫,🥱,🚫,You're Not My Dad!,FALSE,REACTiON,,,PG,
your-phone-ringing.mp3,☎️,🥡,🧧,YOUR PHONE LINGING!,FALSE,MEMES + QUOTES,,,PG,